"variable","pi_R","E_C_int","E_R_int","E_R_het_int","V_R_het"
"COHES",0.847615269685347,0.24479960465233,0.577350269189626,0.0528053832133061,0.00198499937219079
"LEAD",0.676421973408352,0.399319050803465,0.577350269189626,0.0530277981502764,0.00144497093136242
"WBEING",0.849740505489805,0.242782385322273,0.577350269189626,0.0559363930986104,0.00243757325306816
"HRS",0.665536665246259,0.409286704752446,0.577350269189626,0.119551642274607,0.0632166439408053
